L9UKKwe, L9UKKwePYz0esylc2mtT9sxEHKWSLY4
D9LnUbK, D9LnUbKnA1uy5MsZeYm4TxDEu6WyAQD
gpH69gR, gpH69gRAn3LowO9QkpKwNCxDpJy8y9b
rc1k2ej, rc1k2ej8ifQm9efPhW9oiICT7s7fpkp
tVzgjai, tVzgjainSFCfsrAn69y0zatKY15gSWl
kA9Edo9, kA9Edo9wpDIVFLmSkbiiYA3Zeatg8Et
BxqcogP, BxqcogPzf4nGbRPxag15KVkRTkya66J
poiTe0g, poiTe0gA7VnYVs8601FQQ1ThH7YeuAP
SwuR0Qs, SwuR0QsmsSJ1S01qFr7iouORiy8KkIP
hdcQDzk, hdcQDzkzt8JSAdiWI6TFg02OkEcQOQh
9hqlwe7, 9hqlwe73WXwbKfaPcKZaoLR3kWY30BU
izyye5L, izyye5Lu0Kscy4h35laBWTVqITglAii
Z5KtxSe, Z5KtxSeGYT2GPSB6te76XaeKYgv3nd8
T6baYcX, T6baYcXO4ZVttd0tjck5BaHVcborLhj
j3nJJxP, j3nJJxPSn8sE46bAVx9i122Xm6DqIFy
WVdjoLp, WVdjoLpVPcQfxzsxvojB3mcn6Yw1QgZ
frPesiE, frPesiEluu1oPBg1TVxKalhLRrFoXRv
4Ry8Q5p, 4Ry8Q5pMlPwKgJRQpskqBdrVPgerMYa
cUWFYU6, cUWFYU6wSOecrna0wHMGaQ2L7Oe4o7Z
ApT5RmZ, ApT5RmZ7YwRI6ysYp00udT2axsQYwC9
hZlCWgS, hZlCWgSMX5z2lUYzMXjaCsb9w2JRJDo
iTeEeK1, iTeEeK1DlcboAFGdoDLHioiuFprfkHQ
wqZuwTB, wqZuwTBKz7acQMWUFOCU5saBg8jW36W
ig6O73Y, ig6O73YwTwQDn5i7Qj6Wz2eQZ6LrUpI
28fuBIl, 28fuBIlKHsNWKLSw6bzT2ApTQwHcHpJ
7d0eOR5, 7d0eOR5ZGM2qKHxKN4EWyJJ7YqXZtK4
bmnVPzh, bmnVPzhLyvdsXtESkZuVHbgaWYVL3ZK
HXkDwa0, HXkDwa0De9zgZEiskVfQcG26z3ANYq4
ENHNy2s, ENHNy2sElWwz4lAklMv5wXv9pl9JkMd
H4xqc0A, H4xqc0AvDj7SAxoTzTPQrXZ2ZhC2SXT
SJUsINY, SJUsINYH4brAdyOjOh03Sk1IG3Gw7ms
zk3Ibuq, zk3Ibuq0n2n9vfpzoz3DvRzjB7Ew9IB
nHiRLif, nHiRLifztfp0DGUMdCp8MOqlr3sK55H
AYqmXIu, AYqmXIu1mnyZMu1DP4eNQdiDSJFL0hf
sEMlQVc, sEMlQVcA8iEpqTIUoselSa0ZsRNV0Md
w2bYmlT, w2bYmlTkw8p4aobqkW9NMUi5dSN4PTz
WRjxUgA, WRjxUgADkNPvUeN3A9Fl0y9rVNMCTvD
MNbPIHb, MNbPIHbayMrlrbXqqJElCf4a7k9I2wc
R5jVMC0, R5jVMC0deJMPzWwfPGYTbotUhubmpUj
n7xDRLa, n7xDRLamfPUrMe6yTqdmNO87V41BeLp
MpwiJeh, MpwiJehN1iOjuMukAVqY2FHfYrzsFvb
ihDNsWI, ihDNsWIa4NDIycLd5nlvc9ttj2ujrRg
SqxbgiZ, SqxbgiZQnHK9PvjHVfsYNCo83qSaiq8
NWm7zZC, NWm7zZCz0HhHl8rAv0Amuxvum1sFCCD
F5sUNUJ, F5sUNUJNA1NxhNitkCPvpz5FZzjy9Jr
qeoTSjM, qeoTSjMUwYGEMCPsmUOd7g1nNNnC9ge
InEqDU0, InEqDU0drjME8Ii7ciikwza8sZ4BPPx
Ukd3k3J, Ukd3k3JpQneYGVsiTx8yVDgy1BZW85g
dIMdTrD, dIMdTrDoTjtJlkxokO0Eb661zX48NVm
YKRUj9R, YKRUj9RrzzOc0jHrUUuiexsm36Hpa9V
